{"0": [
        -0.4683784544467926,
        0.7548413276672363,
        0.0338502861559391,
        0.45791956782341003,
        0.46464353799819946,
        0.30257436633110046,
        -0.015472819097340107
    ], "1": [
        0.08376670628786087,
        -0.023935768753290176,
        0.015547072514891624,
        0.9960765838623047,
        0.46464353799819946,
        0.3533611074090004,
        -0.026986604556441307
    ], "2": [
        0.06966615468263626,
        -0.02182990126311779,
        0.02793595939874649,
        0.9969401359558105,
        0.46464353799819946,
        0.4095272570848465,
        -0.016272339038550854
    ], "3": [
        0.058856528252363205,
        -0.02107321284711361,
        0.03324820473790169,
        0.9974900484085083,
        0.46464353799819946,
        0.4694250412285328,
        -0.015122242853976786
    ], "4": [
        0.03416150435805321,
        -0.021297257393598557,
        0.03822487220168114,
        0.9984579682350159,
        0.46464353799819946,
        0.5344833098351955,
        -0.019557470572181046
    ], "5": [
        0.024513186886906624,
        -0.028596315532922745,
        0.03563249111175537,
        0.9986549615859985,
        0.46464353799819946,
        0.6105381064116955,
        -0.03461672563571483
    ], "6": [
        0.009361110627651215,
        -0.03182237595319748,
        0.018826788291335106,
        0.999272346496582,
        0.46464353799819946,
        0.7055117674171925,
        -0.04376164928544313
    ], "7": [
        0.0012181003112345934,
        0.00015365764556918293,
        0.00013187019794713706,
        0.9999992251396179,
        0.46464353799819946,
        0.8110252134501934,
        -0.02799255878198892
    ], "8": [
        0.14377674460411072,
        -0.3615969717502594,
        0.04546879231929779,
        0.9200589656829834,
        0.46464353799819946,
        0.8588896431028843,
        -0.02083917206618935
    ], "9": [
        0.013053813017904758,
        -0.18223252892494202,
        0.08567113429307938,
        0.9794291257858276,
        0.46464353799819946,
        0.9071005247533321,
        -0.01662126660812646
    ], "10": [
        0.039186011999845505,
        -0.07585800439119339,
        -0.001773834228515625,
        0.9963467717170715,
        0.46464353799819946,
        0.9554046280682087,
        -0.00897064816672355
    ], "11": [
        0.009964708238840103,
        0.09664707630872726,
        0.1846335083246231,
        0.9779931306838989,
        0.4769734535366297,
        0.7349521555006504,
        0.0473448884440586
    ], "12": [
        0.44540613889694214,
        -0.14290422201156616,
        -0.5093728303909302,
        0.7223095297813416,
        0.6065206024795771,
        0.7674471810460091,
        0.014657678897492588
    ], "13": [
        0.0008579434943385422,
        -0.8001523613929749,
        0.16597938537597656,
        0.5763733983039856,
        0.8986013922840357,
        0.7680452619097196,
        0.016028068959712982
    ], "14": [
        0.3722539246082306,
        -0.3812481462955475,
        -0.40832147002220154,
        0.7411817908287048,
        1.1409409139305353,
        0.7685414810548536,
        0.017165083554573357
    ], "15": [
        -0.01474047265946865,
        -0.010890782810747623,
        -0.19033023715019226,
        0.9815490245819092,
        0.45231362245976925,
        0.7349523045122623,
        0.047343919868581
    ], "16": [
        0.15220864117145538,
        -0.07871224731206894,
        0.5491049885749817,
        0.817997932434082,
        0.32276647351682186,
        0.767447330057621,
        0.014656710322014987
    ], "17": [
        0.0007172568584792316,
        0.6687368750572205,
        -0.1387198567390442,
        0.7304431796073914,
        0.030685683712363243,
        0.7680454109213315,
        0.016027100384235382
    ], "18": [
        -0.7189136147499084,
        0.07626011967658997,
        0.049201443791389465,
        0.6891493201255798,
        -0.2116538379341364,
        0.7685416284366511,
        0.017164116143248975
    ], "19": [
        -0.5244638919830322,
        0.16019947826862335,
        0.16243526339530945,
        0.8202978372573853,
        0.5570108816027641,
        0.26051874831318855,
        0.004854192025959492
    ], "20": [
        0.6310562491416931,
        -0.01101513672620058,
        -0.1691167652606964,
        0.7569981217384338,
        0.5484873540699482,
        -0.1272018663585186,
        -0.001697673462331295
    ], "21": [
        -0.16077499091625214,
        0.10717280954122543,
        -0.14928928017616272,
        0.9697309732437134,
        0.5252251587808132,
        -0.5312193147838116,
        -0.06218515615910292
    ], "22": [
        -7.698021540284906e-18,
        8.67547853626228e-19,
        -1.7334175232257084e-17,
        1.0,
        0.5330161168240011,
        -0.6300633065402508,
        0.06277405191212893
    ], "23": [
        0.2485676258802414,
        -0.05110929533839226,
        -0.032557353377342224,
        0.9667171239852905,
        0.3722761943936348,
        0.26051874831318855,
        0.004854192025959492
    ], "24": [
        0.8403370976448059,
        0.01466815173625946,
        0.22520193457603455,
        0.4928513765335083,
        0.38079972192645073,
        -0.1272018663585186,
        -0.001697673462331295
    ], "25": [
        -0.06866802275180817,
        -0.10873154550790787,
        0.17970718443393707,
        0.9752781391143799,
        0.4040619172155857,
        -0.5312193147838116,
        -0.06218515615910292
    ], "26": [
        -4.753335900983401e-18,
        -1.1100515004533375e-16,
        -8.807868793301392e-18,
        1.0,
        0.396270957775414,
        -0.6300633065402508,
        0.06277405191212893
    ]
}