{"15": [
        0.027598010376095772,
        0.019020404666662216,
        0.03532423824071884,
        0.9988136887550354,
        0.12957685254514217,
        1.3634560741484165,
        -0.3900488914223388
    ], "16": [
        0.12689752876758575,
        0.21248097717761993,
        0.6072941422462463,
        0.7549454569816589,
        2.9703602194786072e-05,
        1.3959510996937752,
        -0.4227361009689048
    ], "17": [
        7.912793080322444e-05,
        0.07264940440654755,
        -0.015071398578584194,
        0.9972436428070068,
        -0.29205108620226383,
        1.3965491805574857,
        -0.4213657109066844
    ], "18": [
        -0.2996806204319,
        0.03954564407467842,
        0.003890958847478032,
        0.9532116651535034,
        -0.5343906078487635,
        1.3970453980728053,
        -0.4202286951476708
    ]
}