{"15": [
        -0.02542702853679657,
        -0.029027849435806274,
        -0.13442029058933258,
        0.9901727437973022,
        0.046560538932681084,
        1.365393165498972,
        -0.3782150150509551
    ], "16": [
        -0.02656691148877144,
        0.336871474981308,
        0.5827188491821289,
        0.7390876412391663,
        -0.0829866100102663,
        1.3978881910443306,
        -0.4109022245975211
    ], "17": [
        0.0005260509788058698,
        0.489821195602417,
        -0.10160641372203827,
        0.8658816814422607,
        -0.3750673998147249,
        1.398486271908041,
        -0.40953183453530073
    ], "18": [
        0.07444601505994797,
        0.03268025442957878,
        -0.002307349583134055,
        0.9966867566108704,
        -0.6174069214612246,
        1.3989824894233607,
        -0.40839481877628714
    ]
}