{"15": [
        -0.03217056766152382,
        -0.00029382389038801193,
        -0.09740861505270004,
        0.9947243332862854,
        0.03957935608923435,
        1.3627650178968906,
        -0.37982165825087577
    ], "16": [
        -0.41679978370666504,
        -0.1504073441028595,
        0.29285383224487305,
        0.8472852110862732,
        -0.08996779285371304,
        1.3952600434422493,
        -0.4125088677974418
    ], "17": [
        0.00031993669108487666,
        0.2975713312625885,
        -0.061727844178676605,
        0.9527018666267395,
        -0.38204858265817165,
        1.3958581243059598,
        -0.4111384777352214
    ], "18": [
        0.1024818941950798,
        0.025097673758864403,
        0.005234751850366592,
        0.9944044351577759,
        -0.6243881043046713,
        1.3963543418212794,
        -0.4100014619762078
    ]
}