{"15": [
        -0.08992338180541992,
        -0.0756869986653328,
        -0.21555303037166595,
        0.9693926572799683,
        0.0474098976701498,
        1.3664889968931675,
        -0.3687332571716979
    ], "16": [
        -0.4836372435092926,
        0.30086228251457214,
        0.32883474230766296,
        0.7532892227172852,
        -0.08213725127279758,
        1.3989840224385262,
        -0.4014204667182639
    ], "17": [
        0.0005320912459865212,
        0.4953455924987793,
        -0.10275226086378098,
        0.8625974655151367,
        -0.3742180410772562,
        1.3995821033022366,
        -0.40005007665604353
    ], "18": [
        -0.1577816903591156,
        -0.01079181395471096,
        -0.0027671183925122023,
        0.9874111413955688,
        -0.6165575627237558,
        1.4000783208175562,
        -0.39891306089702994
    ]
}