{
    "0": [
        -0.71407065,
        0.27313414,
        -0.07295013
    ],
    "1": [
        0.06571001,
        0.76927681,
        -0.27102364
    ],
    "2": [
        0.06388734,
        0.82854305,
        -0.23796723
    ],
    "3": [
        0.07092911,
        0.89098545,
        -0.21289981
    ],
    "4": [
        0.07717643,
        0.9596665,
        -0.18645722
    ],
    "5": [
        0.09830918,
        1.03570286,
        -0.18595684
    ],
    "6": [
        0.13277717,
        1.12522856,
        -0.19118042
    ],
    "7": [
        0.08732001,
        1.18779789,
        -0.36031314
    ],
    "8": [
        0.12999283,
        1.2734434,
        -0.14383837
    ],
    "9": [
        0.31483089,
        1.20707932,
        -0.47077402
    ],
    "10": [
        0.30456511,
        1.25456852,
        -0.48188071
    ],
    "11": [
        -0.02357443,
        1.08555904,
        -0.38485745
    ],
    "12": [
        1.2091394,
        0.01648768,
        -0.01132856
    ],
    "13": [
        0.10888564,
        1.26489271,
        0.26400755
    ],
    "14": [
        0.78368602,
        1.08184462,
        -0.45634723
    ],
    "15": [
        0.32270307,
        1.006245,
        -0.45408037
    ],
    "16": [
        -1.13115556,
        0.32113471,
        -0.17554794
    ],
    "17": [
        0.0807962,
        1.23091904,
        0.10031002
    ],
    "18": [
        -0.53741828,
        0.31919308,
        -1.1699199
    ],
    "19": [
        0.50347729,
        0.42103027,
        -0.33829113
    ],
    "20": [
        0.28867792,
        0.32914294,
        0.10392183
    ],
    "21": [
        0.02545801,
        -0.28998462,
        -0.34010742
    ],
    "22": [
        0.15464753,
        -0.25300137,
        -0.26884391
    ],
    "23": [
        -0.0535123,
        0.51012863,
        -0.50022597
    ],
    "24": [
        -0.13212689,
        0.36051394,
        0.16157802
    ],
    "25": [
        0.06287776,
        -0.25694248,
        -0.33095694
    ],
    "26": [
        0.01790237,
        -0.25300137,
        -0.26884391
    ]
}