{"0": [
        -0.31096896529197693,
        0.4456784725189209,
        0.11831573396921158,
        0.831065833568573,
        -0.16164156794548035,
        0.6406930088996887,
        -0.6040797829627991
    ], "1": [
        0.10681562125682831,
        -0.0017272646073251963,
        0.020276349037885666,
        0.9940705895423889,
        -0.16164156794548035,
        0.6914797499775887,
        -0.6155935684219003
    ], "2": [
        0.10401006042957306,
        -0.0002942412393167615,
        0.01649787276983261,
        0.9944393634796143,
        -0.16164156794548035,
        0.7476458996534348,
        -0.6048793029040098
    ], "3": [
        0.09750397503376007,
        -0.0010622141417115927,
        0.013087411411106586,
        0.9951485395431519,
        -0.16164156794548035,
        0.807543683797121,
        -0.6037292067194358
    ], "4": [
        0.08636745810508728,
        -0.0010893521830439568,
        0.009630641900002956,
        0.9962161779403687,
        -0.16164156794548035,
        0.8726019524037838,
        -0.60816443443764
    ], "5": [
        0.07174046337604523,
        -0.0032917424105107784,
        0.006525776349008083,
        0.9973965287208557,
        -0.16164156794548035,
        0.9486567489802837,
        -0.6232236895011738
    ], "6": [
        0.06515182554721832,
        -0.004145992919802666,
        0.0023948978632688522,
        0.9978638887405396,
        -0.16164156794548035,
        1.0436304099857807,
        -0.6323686131509021
    ], "7": [
        0.0003033230605069548,
        -2.0522415070445277e-05,
        -6.318556552287191e-05,
        0.9999999403953552,
        -0.16164156794548035,
        1.1491438560187817,
        -0.6165995226474479
    ], "8": [
        0.07976043969392776,
        0.012077593244612217,
        0.0038082816172391176,
        0.9967336058616638,
        -0.16164156794548035,
        1.1970082856714725,
        -0.6094461359316483
    ], "9": [
        -0.06606292724609375,
        0.007473931647837162,
        -0.01951044239103794,
        0.9975966811180115,
        -0.16164156794548035,
        1.2452191673219204,
        -0.6052282304735854
    ], "10": [
        -0.05179181694984436,
        0.010869856923818588,
        -0.006585055496543646,
        0.9985770583152771,
        -0.16164156794548035,
        1.293523270636797,
        -0.5975776120321825
    ], "11": [
        -0.029369469732046127,
        -0.009223191067576408,
        0.0853782668709755,
        0.9958729147911072,
        -0.14931165240705013,
        1.0730707980692387,
        -0.5412620754214004
    ], "12": [
        0.1751210242509842,
        -0.34566688537597656,
        -0.4878996014595032,
        0.7821770906448364,
        -0.019764503464102745,
        1.1055658236145973,
        -0.5739492849679664
    ], "13": [
        0.0007358764414675534,
        -0.6858604550361633,
        0.1422705203294754,
        0.7136904001235962,
        0.2723162863403559,
        1.1061639044783078,
        -0.572578894905746
    ], "14": [
        0.1477534919977188,
        0.005212903954088688,
        0.03342272341251373,
        0.9884455800056458,
        0.5146558079868555,
        1.106660123623442,
        -0.5714418803108856
    ], "15": [
        -0.04704595357179642,
        0.02499263547360897,
        -0.12027419358491898,
        0.9913102984428406,
        -0.17397148348391056,
        1.0730709470808506,
        -0.541263043996878
    ], "16": [
        0.12480448931455612,
        0.48371270298957825,
        0.47172778844833374,
        0.7265802025794983,
        -0.30351863242685795,
        1.1055659726262093,
        -0.573950253543444
    ], "17": [
        0.0008035189821384847,
        0.7482889294624329,
        -0.15522059798240662,
        0.6449570655822754,
        -0.5955994222313166,
        1.1061640534899198,
        -0.5725798634812236
    ], "18": [
        -0.4409829080104828,
        0.030743474140763283,
        -0.015844669193029404,
        0.8968488574028015,
        -0.8379389438778162,
        1.1066602710052393,
        -0.57144284772221
    ], "19": [
        -0.27804356813430786,
        -0.1829937994480133,
        0.06124230474233627,
        0.9409858584403992,
        -0.06927422434091568,
        0.5986373908817768,
        -0.5837527718394995
    ], "20": [
        0.642821729183197,
        -0.011220503598451614,
        -0.1722697913646698,
        0.746309220790863,
        -0.07779775187373161,
        0.21091677621006966,
        -0.5903046373277903
    ], "21": [
        -0.10569934546947479,
        0.14412851631641388,
        -0.043635327368974686,
        0.9829295873641968,
        -0.10105994716286659,
        -0.1931006722152233,
        -0.6507921200245619
    ], "22": [
        -6.938893903907228e-18,
        1.0842021724855044e-19,
        4.336808689942018e-19,
        1.0,
        -0.09326898911967874,
        -0.2919446639716625,
        -0.52583291195333
    ], "23": [
        -0.28545933961868286,
        0.12394967675209045,
        -0.02003287896513939,
        0.9501305818557739,
        -0.254008911550045,
        0.5986373908817768,
        -0.5837527718394995
    ], "24": [
        0.5846974849700928,
        0.010205944068729877,
        0.15669307112693787,
        0.7959095239639282,
        -0.24548538401722908,
        0.21091677621006966,
        -0.5903046373277903
    ], "25": [
        -0.036294352263212204,
        -0.1356651484966278,
        0.0202937051653862,
        0.9898817539215088,
        -0.2222231887280941,
        -0.1931006722152233,
        -0.6507921200245619
    ], "26": [
        -5.319787116508183e-18,
        -1.1157160332881007e-16,
        4.201213108029263e-18,
        1.0,
        -0.23001414816826582,
        -0.2919446639716625,
        -0.52583291195333
    ]
}