{
    "0": [
        0.7790654595219939,
        0.45421689632012935,
        0.08553652655343955
    ],
    "1": [
        -0.0014059974146359033,
        0.051248094750844714,
        -0.009138724232098239
    ],
    "2": [
        -0.00024365633252883127,
        0.0552656470900753,
        0.014665631193517516
    ],
    "3": [
        -0.0004795299837537872,
        0.05964141459226515,
        0.005633736148031147
    ],
    "4": [
        -0.00037454882178139385,
        0.06520564098590503,
        0.000577629471523098
    ],
    "5": [
        -0.0015618014902833784,
        0.07689343689393993,
        -0.009801703122620176
    ],
    "6": [
        -0.0026955124919296664,
        0.09531204402502376,
        -0.0034604030869540003
    ],
    "7": [
        7.222353174124101e-05,
        0.1054877413325935,
        0.015939972439575865
    ],
    "8": [
        -0.00533911886008819,
        0.04543229164270878,
        0.015797950923232953
    ],
    "9": [
        -0.007047310658564011,
        0.04712937138659469,
        0.008440237031787999
    ],
    "10": [
        -0.01559309172136394,
        0.043438938270092445,
        0.016178148600084964
    ],
    "11": [
        0.01705973976698564,
        -0.0740659968706333,
        0.07640720714801003
    ],
    "12": [
        0.08234466464588547,
        -0.10967666561716083,
        -0.009860495719738438
    ],
    "13": [
        0.10259067151283777,
        0.0556502496739998,
        0.26775292206100204
    ],
    "14": [
        0.23864511986882694,
        -0.026496915990307873,
        -0.03280858109213158
    ],
    "15": [
        -0.02053710238184466,
        -0.07473581528010055,
        0.07488313993889195
    ],
    "16": [
        -0.04919049415889121,
        -0.11126289956730596,
        0.06409139268778999
    ],
    "17": [
        0.12311072700554528,
        0.0536708962111645,
        0.25937734526842354
    ],
    "18": [
        -0.22858344924453727,
        -0.07133815436024657,
        0.03728883549343861
    ],
    "19": [
        0.02983820194262775,
        -0.04291337915689139,
        0.08934042840062285
    ],
    "20": [
        -0.09702828476192864,
        0.07874674852554178,
        -0.3671883904172339
    ],
    "21": [
        -0.16307112423006417,
        -0.3406300699336563,
        0.15750850079942263
    ],
    "22": [
        0.0077909580431878575,
        -0.09884399175643921,
        0.12495920807123184
    ],
    "23": [
        -0.036685011230747674,
        -0.07383492834302127,
        0.06257956423801471
    ],
    "24": [
        0.058747293395126056,
        -0.32841652090808565,
        -0.19782365080485603
    ],
    "25": [
        -0.0011286764562221802,
        -0.40579003901931787,
        0.0525655233675466
    ],
    "26": [
        -0.007790959440171748,
        -0.09884399175643921,
        0.12495920807123184
    ]
}