{
    "0": [
        0.7791299697685636,
        0.45427384874526505,
        0.08568034096367858
    ],
    "1": [
        -0.0013989416496849128,
        0.05124496121362502,
        -0.00915735973884953
    ],
    "2": [
        -0.0002380781814445731,
        0.05526955485704115,
        0.014650989034240763
    ],
    "3": [
        -0.0004737662417836154,
        0.059642188646572836,
        0.005626023955883425
    ],
    "4": [
        -0.0003692395793762728,
        0.0652056267172625,
        0.0005826367230538799
    ],
    "5": [
        -0.0015548225450514907,
        0.07689563591503587,
        -0.009785547988590163
    ],
    "6": [
        -0.00268939754654324,
        0.09531310596693426,
        -0.0034358237904508378
    ],
    "7": [
        7.214743500849204e-05,
        0.10548778382629291,
        0.015939691566340054
    ],
    "8": [
        -0.005339233759732713,
        0.04543456966372829,
        0.015791359340282394
    ],
    "9": [
        -0.007047245667814242,
        0.047132028616556174,
        0.008425440223053523
    ],
    "10": [
        -0.015582980060006989,
        0.043458175422845906,
        0.016136173057970684
    ],
    "11": [
        0.017009160993282306,
        -0.07407971804402062,
        0.07640518133176474
    ],
    "12": [
        0.08236844080576242,
        -0.10965073917085215,
        -0.009949849792544202
    ],
    "13": [
        0.1026115793165449,
        0.055648673808219,
        0.2677452377466113
    ],
    "14": [
        0.23863819784441898,
        -0.02650756835586466,
        -0.032850298886163684
    ],
    "15": [
        -0.020562083175564218,
        -0.07471316873208865,
        0.07489888156990722
    ],
    "16": [
        -0.049191716015202204,
        -0.11121455200923111,
        0.06417431456000558
    ],
    "17": [
        0.12349731862327876,
        0.05363393127743789,
        0.2592011519091417
    ],
    "18": [
        -0.22868080264023935,
        -0.07109270640575203,
        0.03716046808416763
    ],
    "19": [
        0.029836539182019325,
        -0.04290082905149499,
        0.08934701085639746
    ],
    "20": [
        -0.09703242510024733,
        0.07868748605591558,
        -0.3672000007104449
    ],
    "21": [
        -0.16309649445462404,
        -0.34060002975403725,
        0.1575471902412356
    ],
    "22": [
        0.007790958043187859,
        -0.09884399175643921,
        0.12495920807123184
    ],
    "23": [
        -0.036739412835157935,
        -0.07384101074710706,
        0.06254046073553046
    ],
    "24": [
        0.05869525919778593,
        -0.32854784458246605,
        -0.1976209322726371
    ],
    "25": [
        -0.0009634996118892125,
        -0.40582337228295706,
        0.05231086026947584
    ],
    "26": [
        -0.007790959440171749,
        -0.09884399175643921,
        0.12495920807123184
    ]
}